id,codes
0,AAL
1,AAR
2,ABA
3,ABC
4,ABE
5,ABI
6,ABJ
7,ABQ
8,ABV
9,ABZ
10,ACA
11,ACC
12,ACE
13,ACK
14,ACY
15,ADA
16,ADD
17,ADL
18,AEP
19,AER
20,AES
21,AEX
22,AEY
23,AFW
24,AGA
25,AGB
26,AGC
27,AGP
28,AGS
29,AGU
30,AHB
31,AJA
32,AJF
33,AJL
34,AJU
35,AKC
36,AKL
37,AKT
38,AKX
39,ALA
40,ALB
41,ALC
42,ALG
43,ALS
44,AMA
45,AMD
46,AMM
47,AMQ
48,AMS
49,ANC
50,ANG
51,ANR
52,ANS
53,ANU
54,AOI
55,APA
56,APW
57,AQJ
58,AQP
59,ARN
60,ART
61,ASB
62,ASE
63,ASM
64,ASU
65,ATA
66,ATH
67,ATL
68,ATQ
69,ATW
70,AUA
71,AUH
72,AUS
73,AVL
74,AVP
75,AWZ
76,AYP
77,AYT
78,AZA
79,AZO
80,BAH
81,BAL
82,BAQ
83,BAT
84,BCB
85,BCD
86,BCN
87,BDA
88,BDI
89,BDL
90,BDO
91,BDS
92,BEB
93,BED
94,BEG
95,BEL
96,BER
97,BES
98,BEY
99,BFF
100,BFI
101,BFL
102,BFS
103,BGA
104,BGI
105,BGO
106,BGR
107,BGW
108,BGY
109,BHD
110,BHM
111,BHO
112,BHX
113,BIK
114,BIL
115,BIO
116,BJC
117,BJL
118,BJM
119,BJX
120,BKF
121,BKI
122,BKK
123,BKL
124,BKO
125,BLI
126,BLK
127,BLL
128,BLQ
129,BLR
130,BMA
131,BMI
132,BMV
133,BNA
134,BND
135,BNE
136,BNX
137,BOB
138,BOD
139,BOG
140,BOH
141,BOI
142,BOM
143,BON
144,BOS
145,BPN
146,BPT
147,BQH
148,BRA
149,BRC
150,BRE
151,BRI
152,BRO
153,BRQ
154,BRR
155,BRS
156,BRU
157,BRW
158,BSB
159,BSL
160,BTJ
161,BTM
162,BTR
163,BTS
164,BTV
165,BUD
166,BUF
167,BUR
168,BUT
169,BVA
170,BVB
171,BVC
172,BWE
173,BWF
174,BWI
175,BWN
176,BYJ
177,BZE
178,BZN
179,BZV
180,CAE
181,CAG
182,CAH
183,CAI
184,CAK
185,CAN
186,CBB
187,CBG
188,CBQ
189,CBR
190,CCF
191,CCJ
192,CCK
193,CCP
194,CCS
195,CCU
196,CDC
197,CDF
198,CDG
199,CEB
200,CEK
201,CFB
202,CFD
203,CFN
204,CGH
205,CGK
206,CGN
207,CGO
208,CGP
209,CGR
210,CHA
211,CHC
212,CHM
213,CHO
214,CHR
215,CHS
216,CIA
217,CID
218,CIT
219,CIU
220,CIX
221,CJA
222,CJU
223,CKB
224,CKG
225,CKY
226,CLD
227,CLE
228,CLJ
229,CLL
230,CLO
231,CLT
232,CLY
233,CMB
234,CMH
235,CMI
236,CMN
237,CMX
238,CNF
239,CNG
240,CNN
241,CNS
242,CNX
243,COK
244,COO
245,COR
246,COS
247,CPH
248,CPR
249,CPT
250,CPV
251,CQM
252,CRK
253,CRL
254,CRP
255,CRW
256,CTA
257,CTG
258,CTS
259,CTU
260,CUL
261,CUN
262,CUR
263,CUZ
264,CVF
265,CVG
266,CVU
267,CWB
268,CWL
269,CXR
270,CZM
271,CZS
272,DAB
273,DAC
274,DAD
275,DAL
276,DAM
277,DAR
278,DAY
279,DBQ
280,DBV
281,DCA
282,DEB
283,DED
284,DEL
285,DEN
286,DET
287,DFW
288,DIL
289,DIN
290,DKR
291,DLA
292,DLC
293,DLH
294,DLI
295,DLM
296,DME
297,DMK
298,DMM
299,DND
300,DNK
301,DNR
302,DOH
303,DOM
304,DPS
305,DRO
306,DRS
307,DRW
308,DSA
309,DSI
310,DSM
311,DSS
312,DTM
313,DTN
314,DTW
315,DUB
316,DUD
317,DUS
318,DVO
319,DWC
320,DXB
321,DXR
322,DYU
323,DZA
324,EAS
325,EAT
326,EBB
327,EBL
328,ECP
329,EDI
330,EGC
331,EGE
332,EIN
333,ELP
334,EMA
335,ENK
336,ENS
337,ENU
338,EOH
339,ERI
340,ESB
341,EUG
342,EUX
343,EVE
344,EVN
345,EWR
346,EXT
347,EYW
348,EZE
349,FAE
350,FAO
351,FAR
352,FAT
353,FCA
354,FCO
355,FDF
356,FDH
357,FEZ
358,FFA
359,FIE
360,FIH
361,FKB
362,FKL
363,FLG
364,FLL
365,FLN
366,FLR
367,FLW
368,FMM
369,FMN
370,FMO
371,FNA
372,FNC
373,FNJ
374,FNT
375,FOC
376,FOD
377,FOR
378,FPO
379,FRA
380,FRS
381,FRU
382,FSC
383,FSD
384,FSP
385,FSZ
386,FUE
387,FUK
388,FUN
389,FWA
390,GAI
391,GAN
392,GAU
393,GBE
394,GCC
395,GCI
396,GCM
397,GCW
398,GDL
399,GDN
400,GDR
401,GEG
402,GEO
403,GGG
404,GGT
405,GIB
406,GIG
407,GIZ
408,GJT
409,GLA
410,GLO
411,GLU
412,GMP
413,GMU
414,GMZ
415,GND
416,GNV
417,GOA
418,GOH
419,GOI
420,GOJ
421,GOQ
422,GOT
423,GOV
424,GPS
425,GPT
426,GRB
427,GRK
428,GRO
429,GRR
430,GRU
431,GRW
432,GRX
433,GRZ
434,GSO
435,GSP
436,GST
437,GTR
438,GUA
439,GUC
440,GUM
441,GUR
442,GUW
443,GVA
444,GWY
445,GYD
446,GYE
447,GYN
448,GZA
449,HAH
450,HAJ
451,HAK
452,HAM
453,HAN
454,HAQ
455,HAV
456,HBA
457,HDY
458,HEL
459,HER
460,HFT
461,HGA
462,HGH
463,HGL
464,HHH
465,HHN
466,HIR
467,HKD
468,HKG
469,HKT
470,HLP
471,HMO
472,HND
473,HNL
474,HNM
475,HOB
476,HOF
477,HOG
478,HOR
479,HOT
480,HOU
481,HOV
482,HPH
483,HPN
484,HQM
485,HRB
486,HRE
487,HRG
488,HRI
489,HRL
490,HSV
491,HUF
492,HUH
493,HUI
494,HUU
495,HUY
496,HVN
497,HYA
498,HYD
499,HZG
500,IAD
501,IAH
502,IAS
503,IBZ
504,ICN
505,ICT
506,IDA
507,IDR
508,IEV
509,IFP
510,IGU
511,IGY
512,IIA
513,IKA
514,IKT
515,ILD
516,ILG
517,IND
518,INN
519,INQ
520,INU
521,INV
522,IOM
523,IOR
524,IPC
525,IPH
526,IPN
527,IQQ
528,IQT
529,ISB
530,ISC
531,ISL
532,ISP
533,IST
534,ITM
535,ITO
536,ITP
537,IWA
538,IXA
539,IXB
540,IXC
541,IXM
542,IXZ
543,JAC
544,JAI
545,JAN
546,JAU
547,JAV
548,JAX
549,JDF
550,JED
551,JER
552,JFK
553,JHM
554,JIB
555,JJG
556,JJN
557,JKH
558,JNB
559,JOG
560,JOI
561,JPA
562,JRO
563,JSI
564,JUB
565,JUL
566,KAN
567,KBL
568,KBP
569,KBR
570,KBV
571,KCH
572,KEF
573,KER
574,KFZ
575,KGL
576,KHH
577,KHI
578,KIH
579,KIN
580,KIR
581,KIV
582,KIX
583,KLO
584,KLU
585,KMG
586,KNO
587,KOA
588,KOE
589,KOV
590,KRK
591,KRN
592,KRR
593,KRS
594,KRT
595,KSA
596,KSC
597,KSH
598,KSN
599,KTM
600,KTT
601,KTW
602,KUA
603,KUH
604,KUL
605,KUN
606,KUO
607,KWE
608,KWI
609,KZN
610,KZO
611,LAD
612,LAF
613,LAN
614,LAS
615,LAX
616,LBA
617,LBB
618,LBC
619,LBF
620,LBJ
621,LBU
622,LBV
623,LCA
624,LCG
625,LCH
626,LCK
627,LCY
628,LDY
629,LED
630,LEI
631,LEJ
632,LEN
633,LEU
634,LEX
635,LFT
636,LFW
637,LGA
638,LGB
639,LGG
640,LGK
641,LGW
642,LHE
643,LHR
644,LIH
645,LIL
646,LIM
647,LIN
648,LIR
649,LIS
650,LIT
651,LJU
652,LKO
653,LLW
654,LMN
655,LMT
656,LNK
657,LNZ
658,LOP
659,LOS
660,LPA
661,LPB
662,LPL
663,LPQ
664,LRD
665,LRH
666,LSE
667,LTN
668,LUK
669,LUN
670,LUX
671,LVI
672,LWB
673,LWO
674,LXR
675,LYR
676,LYS
677,MAA
678,MAD
679,MAF
680,MAH
681,MAJ
682,MAN
683,MAO
684,MBA
685,MBJ
686,MBS
687,MCE
688,MCI
689,MCO
690,MCP
691,MCT
692,MCW
693,MCZ
694,MDC
695,MDE
696,MDL
697,MDQ
698,MDT
699,MDW
700,MDZ
701,MED
702,MEL
703,MEM
704,MEX
705,MFD
706,MGA
707,MGL
708,MGM
709,MHD
710,MHT
711,MIA
712,MJV
713,MKC
714,MKE
715,MKG
716,MLA
717,MLB
718,MLE
719,MLH
720,MLI
721,MLN
722,MLU
723,MME
724,MMH
725,MMK
726,MMX
727,MNL
728,MOB
729,MOO
730,MPM
731,MQC
732,MQL
733,MRS
734,MRU
735,MRY
736,MSN
737,MSO
738,MSP
739,MSQ
740,MST
741,MSU
742,MSY
743,MTJ
744,MTS
745,MTY
746,MUB
747,MUC
748,MUX
749,MVD
750,MVY
751,MXE
752,MXP
753,MYF
754,MYR
755,MYT
756,MZL
757,NAG
758,NAN
759,NAP
760,NAS
761,NAT
762,NBO
763,NCE
764,NCL
765,NDJ
766,NDL
767,NDR
768,NER
769,NGB
770,NGO
771,NGS
772,NIC
773,NIM
774,NKC
775,NKG
776,NLA
777,NLK
778,NNG
779,NNR
780,NOC
781,NOS
782,NQY
783,NQZ
784,NRN
785,NRT
786,NSK
787,NSN
788,NTE
789,NTL
790,NUE
791,NWI
792,NYO
793,NZC
794,OAK
795,OBN
796,ODS
797,OGG
798,OGS
799,OHD
800,ORH
801,OKA
802,OKC
803,OMA
804,OME
805,OMO
806,OMS
807,ONT
808,OOL
809,OPO
810,ORB
811,ORD
812,ORF
813,ORK
814,ORY
815,OSH
816,OSL
817,OST
818,OSU
819,OTP
820,OTZ
821,OUA
822,OUD
823,OUL
824,OVB
825,OVD
826,OWD
827,OXB
828,OXF
829,PAE
830,PAP
831,PAS
832,PBG
833,PBH
834,PBI
835,PBM
836,PCL
837,PDG
838,PDK
839,PDL
840,PDP
841,PDV
842,PDX
843,PEE
844,PEI
845,PEK
846,PEM
847,PEN
848,PER
849,PET
850,PEW
851,PFB
852,PFO
853,PHC
854,PHF
855,PHK
856,PHL
857,PHX
858,PIE
859,PIK
860,PIO
861,PIT
862,PIU
863,PIX
864,PKU
865,PKX
866,PLM
867,PLQ
868,PLS
869,PLU
870,PLZ
871,PMI
872,PMO
873,PMW
874,PNA
875,PNH
876,PNI
877,PNK
878,PNQ
879,PNS
880,PNT
881,PNY
882,PNZ
883,POA
884,POM
885,POO
886,POP
887,POS
888,POZ
889,PPG
890,PPT
891,PQC
892,PRG
893,PRN
894,PSA
895,PSC
896,PSE
897,PSM
898,PSP
899,PTK
900,PTP
901,PTY
902,PUB
903,PUF
904,PUQ
905,PUS
906,PVD
907,PVG
908,PVR
909,PVU
910,PWK
911,PWM
912,PXO
913,PXU
914,PZO
915,QBS
916,QRO
917,RAI
918,RAK
919,RAO
920,RAR
921,RBA
922,RBD
923,RBO
924,RDD
925,RDU
926,REC
927,REP
928,RFD
929,RGI
930,RGN
931,RHO
932,RIC
933,RIV
934,RIW
935,RIX
936,RJL
937,RKV
938,RLG
939,RMI
940,RMS
941,RNO
942,RNS
943,RNT
944,ROA
945,ROB
946,ROC
947,ROR
948,ROS
949,ROV
950,ROW
951,RPR
952,RRG
953,RST
954,RSW
955,RTM
956,RUH
957,RUN
958,RVN
959,RYG
960,RYK
961,RZE
962,SAB
963,SAF
964,SAH
965,SAL
966,SAN
967,SAT
968,SAV
969,SAW
970,SBA
971,SBD
972,SBN
973,SBP
974,SCE
975,SCK
976,SCL
977,SCO
978,SCQ
979,SCT
980,SDF
981,SDQ
982,SDR
983,SDU
984,SEA
985,SEN
986,SEX
987,SFA
988,SFJ
989,SFN
990,SFO
991,SGC
992,SGF
993,SGN
994,SGU
995,SGY
996,SHA
997,SHD
998,SHE
999,SHV
1000,SID
1001,SIN
1002,SIP
1003,SIR
1004,SJC
1005,SJD
1006,SJJ
1007,SJK
1008,SJO
1009,SJU
1010,SJZ
1011,SKB
1012,SKG
1013,SKP
1014,SKT
1015,SKZ
1016,SLC
1017,SLE
1018,SLK
1019,SLM
1020,SLN
1021,SLU
1022,SLZ
1023,SMA
1024,SMF
1025,SMI
1026,SNA
1027,SNN
1028,SNR
1029,SOB
1030,SOC
1031,SOF
1032,SOQ
1033,SOU
1034,SOY
1035,SPC
1036,SPG
1037,SPN
1038,SPU
1039,SQL
1040,SRE
1041,SRG
1042,SRQ
1043,SSA
1044,SSF
1045,SSG
1046,SSH
1047,STI
1048,STL
1049,STM
1050,STN
1051,STP
1052,STR
1053,STS
1054,STT
1055,STX
1056,SUB
1057,SUN
1058,SUV
1059,SUX
1060,SVD
1061,SVG
1062,SVO
1063,SVQ
1064,SVX
1065,SWF
1066,SXB
1067,SXF
1068,SXL
1069,SXM
1070,SXR
1071,SYD
1072,SYR
1073,SYX
1074,SYZ
1075,SZB
1076,SZG
1077,SZX
1078,TAB
1079,TAK
1080,TAO
1081,TAS
1082,TBB
1083,TBP
1084,TBS
1085,TBZ
1086,TCQ
1087,TER
1088,TEX
1089,TFN
1090,TFS
1091,TGD
1092,TGI
1093,TGM
1094,TGU
1095,THE
1096,THR
1097,TIA
1098,TIF
1099,TIJ
1100,TIP
1101,TIV
1102,TJM
1103,TKK
1104,TLL
1105,TLS
1106,TLV
1107,TMC
1108,TMS
1109,TNA
1110,TNG
1111,TNM
1112,TNR
1113,TNT
1114,TOL
1115,TOS
1116,TPA
1117,TPE
1118,TPP
1119,TRD
1120,TRE
1121,TRF
1122,TRI
1123,TRN
1124,TRS
1125,TRU
1126,TRV
1127,TRW
1128,TSA
1129,TSN
1130,TSR
1131,TTN
1132,TUL
1133,TUN
1134,TUS
1135,TVC
1136,TXL
1137,TYL
1138,TYS
1139,TZL
1140,UFA
1141,UIH
1142,UIO
1143,UKK
1144,ULN
1145,UPG
1146,URA
1147,USH
1148,USM
1149,UTH
1150,UUD
1151,UUS
1152,UVF
1153,VAM
1154,VAR
1155,VAV
1156,VCA
1157,VCE
1158,VCL
1159,VCP
1160,VCS
1161,VCV
1162,VDE
1163,VDH
1164,VER
1165,VGO
1166,VGT
1167,VIE
1168,VII
1169,VIX
1170,VKG
1171,VKO
1172,VLC
1173,VLI
1174,VLL
1175,VLN
1176,VNO
1177,VNS
1178,VNY
1179,VOG
1180,VOZ
1181,VPS
1182,VRA
1183,VRN
1184,VTE
1185,VTZ
1186,VVI
1187,WAT
1188,WAW
1189,WDH
1190,WGP
1191,WLG
1192,WMI
1193,WRO
1194,WUH
1195,WUX
1196,XCH
1197,XFW
1198,XIY
1199,XMN
1200,XNA
1201,XNN
1202,XRY
1203,YAM
1204,YAP
1205,YAZ
1206,YCD
1207,YDT
1208,YEG
1209,YFB
1210,YGO
1211,YHK
1212,YHM
1213,YHZ
1214,YIP
1215,YJS
1216,YLT
1217,YLW
1218,YMM
1219,YMX
1220,YNB
1221,YNG
1222,YON
1223,YOO
1224,YOW
1225,YQB
1226,YQM
1227,YQR
1228,YQT
1229,YQX
1230,YQY
1231,YSB
1232,YSJ
1233,YTZ
1234,YUL
1235,YUM
1236,YVR
1237,YWG
1238,YXE
1239,YXH
1240,YXU
1241,YXX
1242,YXY
1243,YYC
1244,YYD
1245,YYJ
1246,YYT
1247,YYZ
1248,YZF
1249,ZAD
1250,ZAG
1251,ZAZ
1252,ZCL
1253,ZIA
1254,ZIH
1255,ZLO
1256,ZQN
1257,ZRH
